,exp1,,,,exp2,,,,exp3,,,,exp4,,,,exp5,,,,exp6,,,,exp7,,,,exp8,,,,exp9,,,,exp10,,,,aggregated,,,
prefix,mean,std,min,max,mean,std,min,max,mean,std,min,max,mean,std,min,max,mean,std,min,max,mean,std,min,max,mean,std,min,max,mean,std,min,max,mean,std,min,max,mean,std,min,max,mean,std,min,max
adap_vehn_,170.73045995496943,156.24982346038874,0.0,1408.0,165.04406561595368,160.84141722713755,0.0,1573.0,159.89610807333548,144.05552486903366,0.0,1116.0,158.30122225796075,142.90819193883144,0.0,1187.0,166.11825881848398,137.47095707488427,0.0,919.0,160.04111718666238,143.49571224219193,0.0,872.0,160.52648225581646,154.08783979151846,0.0,1078.0,165.66854293985205,163.98719727023345,0.0,1236.0,159.7932883027769,146.4652030251232,0.0,1186.0,155.521335906508,145.1241284299953,0.0,1652.0,134.758784108395,83.58999327370145,0.0,1236.0
veh_n_,164.52776884314355,140.26277296126366,0.0,944.0,160.8548300632572,135.45961339485882,0.0,899.0,167.20167256352525,154.15947661181715,0.0,1234.0,161.57794574890104,143.842193550476,0.0,1117.0,164.73480218719845,145.19567341091368,0.0,1319.0,155.0285193524177,140.50886467117422,0.0,974.0,152.4096172402702,133.1698487094595,0.0,1015.0,152.0123297952182,134.03663932327592,0.0,928.0,159.98901039991424,150.23901448202994,0.0,1108.0,163.78497909295592,157.76431089393233,0.0,1116.0,132.8424940105366,80.43417599814134,0.0,633.5
thp_,162.90972445588076,140.69270235823498,0.0,1050.0,166.65439047925378,144.03762026217947,0.0,920.0,160.38833494156748,141.4707171379317,0.0,908.0,170.20108287766698,173.51343482407,0.0,1755.0,172.939423180015,159.64754368781786,0.0,1354.0,164.45030556449018,155.31012747330175,0.0,1110.0,160.94392623565992,143.11655616609005,0.0,1007.0,170.475769272006,143.24370472079596,0.0,840.0,168.2705049855259,157.79020683103764,0.0,1254.0,158.57510453522033,144.6424790741752,0.0,1340.0,138.4719833189856,84.13695743588886,0.0,634.0
fxm_,138.6373968049748,140.97357855285054,0.0,1383.0,138.6373968049748,140.97357855285054,0.0,1383.0,138.6373968049748,140.97357855285054,0.0,1383.0,138.6373968049748,140.97357855285054,0.0,1383.0,138.6373968049748,140.97357855285054,0.0,1383.0,138.6373968049748,140.97357855285054,0.0,1383.0,138.6373968049748,140.97357855285054,0.0,1383.0,138.6373968049748,140.97357855285054,0.0,1383.0,138.6373968049748,140.97357855285054,0.0,1383.0,138.6373968049748,140.97357855285054,0.0,1383.0,131.76918273986155,132.4007003165322,0.0,1344.0
