,exp1,,,,exp2,,,,exp3,,,,exp4,,,,exp5,,,,exp6,,,,exp7,,,,exp8,,,,exp9,,,,exp10,,,,aggregated,,,
prefix,mean,std,min,max,mean,std,min,max,mean,std,min,max,mean,std,min,max,mean,std,min,max,mean,std,min,max,mean,std,min,max,mean,std,min,max,mean,std,min,max,mean,std,min,max,mean,std,min,max
adap_dwtp_,217.25115256781388,147.1397920045944,32.0,1278.0,221.8687680926343,152.27198793392435,31.0,1041.0,221.30797684142811,151.33088200369477,31.0,1311.0,229.9696043743969,166.0816864144017,32.0,1168.0,226.4349737321754,163.03456825370785,30.0,1225.0,220.76342875522676,149.66581960160494,32.0,1307.0,220.72418784174977,156.3444607638514,31.0,1062.0,221.87991851613594,164.32389156824297,31.0,1296.0,227.6115042350166,164.5297703506752,31.0,1225.0,221.4110646510132,173.41357052644614,32.0,1682.0,191.29510743310496,90.39279354315707,32.0,777.0
dwtp_,227.0405275008041,171.51031515209507,32.0,1538.0,215.0829848825989,152.00556580456328,32.0,1216.0,214.09896000857725,149.23392742653905,31.0,1269.0,227.8335477645545,160.31519979582052,31.0,1099.0,217.72606411493513,158.94908651712367,32.0,1212.0,220.35842178621206,158.37160950313606,32.0,1220.0,226.22397341052857,171.70568336686472,32.0,1125.0,222.79264500911333,162.30486445722462,31.0,1245.0,218.2569422107859,163.36387257861395,32.0,1405.0,227.2961295164576,163.10589162022407,31.0,1260.0,189.2085291259591,91.65924535422722,32.0,768.3333333333334
thp_,224.06368607269218,153.6047797680968,32.0,1194.0,228.29521818376756,157.17307157875334,32.0,1038.0,221.0,153.90785536120637,31.0,1013.0,231.0510882384475,186.91711346965434,32.0,1901.0,234.63814731424895,173.5803724120878,32.0,1504.0,224.80615417604804,168.14969267662002,31.0,1225.0,221.58716629141202,155.5665747833207,32.0,1152.0,232.13712876594832,156.41740816427804,32.0,971.0,228.95813230406347,170.52822880336726,32.0,1395.0,218.7974161037847,156.59286454281823,32.0,1499.0,194.98789186471666,92.67867898512105,32.0,731.0
fxm_,202.78455023051356,162.5025871247814,32.0,1553.0,202.78455023051356,162.5025871247814,32.0,1553.0,202.78455023051356,162.5025871247814,32.0,1553.0,202.78455023051356,162.5025871247814,32.0,1553.0,202.78455023051356,162.5025871247814,32.0,1553.0,202.78455023051356,162.5025871247814,32.0,1553.0,202.78455023051356,162.5025871247814,32.0,1553.0,202.78455023051356,162.5025871247814,32.0,1553.0,202.78455023051356,162.5025871247814,32.0,1553.0,202.78455023051356,162.5025871247814,32.0,1553.0,194.8498021760633,152.56771197198194,32.0,1540.0
