,exp1,,,,exp2,,,,exp3,,,,exp4,,,,exp5,,,,exp6,,,,exp7,,,,exp8,,,,exp9,,,,exp10,,,,aggregated,,,
prefix,mean,std,min,max,mean,std,min,max,mean,std,min,max,mean,std,min,max,mean,std,min,max,mean,std,min,max,mean,std,min,max,mean,std,min,max,mean,std,min,max,mean,std,min,max,mean,std,min,max
adap_vehn_,232.41905221400236,170.3570533130701,32.0,1577.0,226.07842821914872,174.24889262398457,31.0,1720.0,220.02272970944568,155.97931837185746,31.0,1271.0,218.4197491154712,154.93896456610003,32.0,1369.0,226.9714806475823,149.87841975439295,32.0,1055.0,220.2372145384368,155.15778451990323,32.0,1010.0,221.03538115149567,166.6859772553981,32.0,1189.0,226.19706229226975,177.44056893248327,32.0,1381.0,220.12447732389836,158.77739964103546,32.0,1351.0,215.95861477431114,156.69198331866767,32.0,1798.0,190.79587581125523,91.8911240955698,32.0,1381.0
veh_n_,225.930738715557,153.47076686916174,32.0,1074.0,221.96955076659162,147.99085741328636,31.0,1022.0,228.0648118366034,167.04858469614018,31.0,1377.0,222.20301275865765,155.8271208014279,32.0,1245.0,225.72601050712984,157.4824040584838,32.0,1472.0,215.0255173153211,152.02315590763106,31.0,1116.0,211.9623137128766,144.01139786929238,32.0,1143.0,211.6071083949823,144.75760773599976,31.0,1020.0,220.58009006111288,162.69772169088853,32.0,1224.0,224.4005039133698,170.9059958689787,31.0,1244.0,188.78607509904472,88.54056152229498,32.0,702.0
thp_,224.06368607269218,153.6047797680968,32.0,1194.0,228.29521818376756,157.17307157875334,32.0,1038.0,221.0,153.90785536120637,31.0,1013.0,231.0510882384475,186.91711346965434,32.0,1901.0,234.63814731424895,173.5803724120878,32.0,1504.0,224.80615417604804,168.14969267662002,31.0,1225.0,221.58716629141202,155.5665747833207,32.0,1152.0,232.13712876594832,156.41740816427804,32.0,971.0,228.95813230406347,170.52822880336726,32.0,1395.0,218.7974161037847,156.59286454281823,32.0,1499.0,194.98789186471666,92.67867898512105,32.0,731.0
fxm_,202.78455023051356,162.5025871247814,32.0,1553.0,202.78455023051356,162.5025871247814,32.0,1553.0,202.78455023051356,162.5025871247814,32.0,1553.0,202.78455023051356,162.5025871247814,32.0,1553.0,202.78455023051356,162.5025871247814,32.0,1553.0,202.78455023051356,162.5025871247814,32.0,1553.0,202.78455023051356,162.5025871247814,32.0,1553.0,202.78455023051356,162.5025871247814,32.0,1553.0,202.78455023051356,162.5025871247814,32.0,1553.0,202.78455023051356,162.5025871247814,32.0,1553.0,194.8498021760633,152.56771197198194,32.0,1540.0
