,exp1,,,,exp2,,,,exp3,,,,exp4,,,,exp5,,,,aggregated,,,
prefix,mean,std,min,max,mean,std,min,max,mean,std,min,max,mean,std,min,max,mean,std,min,max,mean,std,min,max
ql_,142.50669310857708,92.92892872229683,31.0,626.0,135.86911254338125,85.08272540041968,31.0,484.0,128.26276648487854,77.66728851478975,33.0,468.0,146.02231036192364,88.92749408581017,32.0,477.0,131.7882994546356,78.34026882882256,32.0,378.0,134.2005988947395,73.10235335256213,31.0,626.0
veh_n_,133.825483391175,77.96176620089837,32.0,418.0,127.96826970748637,77.60127142014144,32.0,370.0,132.11006445215668,78.1323205004912,32.0,397.0,131.3321764997521,79.60376028592687,33.0,439.0,137.9806643529995,82.36422884606898,31.0,442.0,129.1502932472424,67.10707898324104,31.0,439.0
delay_,137.63758056519583,84.21461997748939,33.0,514.0,139.44769459593456,87.40115940062437,31.0,499.0,131.1576598909271,77.42231726313925,33.0,379.0,138.59147248388697,83.62922283133081,32.0,494.0,133.87605354486863,80.23564937883387,31.0,419.0,131.91083773199387,70.54639855066311,31.0,494.0
throughput_,139.75061973227565,88.6272165463893,33.0,559.0,140.78780366881506,87.29721166605371,31.0,448.0,128.98562221120477,77.82773949717505,32.0,354.0,141.94595934556273,86.75222742431284,33.0,483.0,138.74467030242934,86.00319388104694,31.0,538.0,133.83676902058278,73.19098520948442,31.0,518.0
delay_prq_,126.89241447694596,74.97356562569044,32.0,444.0,131.03767972235994,80.37393120676326,32.0,541.0,138.8953891918691,88.33250484539454,32.0,560.0,129.55627169062964,75.67714115919894,32.0,472.0,132.9082796232028,82.96543801263344,31.0,467.0,127.83363458405968,69.18314160914142,31.0,538.0
delay_pwtl_,135.05552801189887,80.61537188993003,31.0,419.0,136.95835399107585,79.19231571260075,32.0,423.0,135.3648983639068,82.69665545123047,31.0,504.0,132.0312345066931,79.32426366294047,32.0,416.0,126.95290034705008,77.84072733543546,32.0,450.0,130.08121533369118,68.17054933991938,31.0,450.0
act_throughput_mqr_,125.28904313336639,78.37830677010973,32.0,478.0,127.71095686663361,76.00713497683967,32.0,410.0,130.8289538919187,78.44517088935099,32.0,447.0,129.76450173525038,77.86555854485412,31.0,391.0,143.30193356470005,87.94612777211216,32.0,515.0,127.35686348888252,67.56938217825233,31.0,497.0
