,ext1,,,,ext2,,,,ext3,,,,ext4,,,,aggregated,,,
prefix,mean,std,min,max,mean,std,min,max,mean,std,min,max,mean,std,min,max,mean,std,min,max
rf_avg_veh_number_1e-05_0.7_0.6,24.26878836,16.04884068,0,39,24.12679126,16.18832986,0,39,24.20587283,16.15310042,0,39,23.73224783,16.21861446,0,39,23.92085701,15.69431681,0,39
rf_avg_veh_number_0.0001_0.7_0.6,24.24914367,16.41617656,0,39,23.73443983,16.19428239,0,39,24.06624904,15.92139829,0,39,24.63248896,16.12126511,0,39,24.01410984,15.67059571,0,39
rf_avg_veh_number_0.001_0.7_0.6,23.7913532,16.18875805,0,39,24.27747331,15.99923132,0,39,23.5429786,16.44830933,0,39,23.55334357,16.15268682,0,39,23.65649039,15.81716757,0,39
rf_avg_veh_number_0.01_0.7_0.6,24.50988086,16.38247283,0,39,24.21101299,16.24069485,0,39,23.90799475,16.24676079,0,39,25.13140575,16.3342923,0,39,24.26491081,15.89356866,0,39
rf_avg_veh_number_0.1_0.7_0.6,24.18377144,16.34025357,0,39,24.38634123,16.29495576,0,39,24.11162769,16.16448147,0,39,23.68831533,15.89088905,0,39,23.96970933,15.8784982,0,39
