,exp1,,,,exp2,,,,exp3,,,,exp4,,,,exp5,,,,aggregated,,,
prefix,mean,std,min,max,mean,std,min,max,mean,std,min,max,mean,std,min,max,mean,std,min,max,mean,std,min,max
ql_,234.91757725587144,181.19737018220965,4.57,1215.07,227.27988627935724,149.62307077398603,4.28,893.8,239.22610135970336,171.8783506317127,4.62,1019.59,246.3634042027194,165.68305593255005,4.68,969.05,237.5957713226205,167.296397454091,4.68,1126.66,241.198073737043,112.0719723773473,4.71,900.1
veh_n_,244.91212484548828,175.9768732065936,4.52,1130.82,228.7478393077874,178.96498885930922,4.71,1274.56,238.75778986402966,153.75425261264994,4.66,1037.71,239.95184672435104,176.2971560878938,4.64,1409.14,227.48612360939435,152.14899637596017,4.71,957.82,238.1922521204053,107.94101578150233,4.71,995.55
delay_,229.349260815822,170.14571777113167,4.61,1224.47,237.37467243510508,164.88344449852255,4.71,1012.92,237.66513102595798,173.04632194872445,4.65,913.8,235.69377997527812,171.58464360341333,4.41,978.84,233.26155624227442,166.07484213993564,4.57,1034.07,241.09241440878463,116.82690232381816,4.71,1023.69
throughput_,225.88735105067985,142.8751977400335,4.64,797.69,231.8999196538937,170.82942168721365,4.4,1079.59,240.2633152039555,177.76761514849915,4.71,1146.69,258.1374153275649,180.55648835978923,4.71,1226.35,228.66990729295424,171.53076241903432,4.61,1065.78,238.2252332619899,110.4550277578514,4.71,974.65
delay_prq_,239.2038368355995,184.61766703010733,4.51,1100.42,235.00441285537704,160.14099044051235,4.38,1297.05,255.0232200247219,195.68326180255434,4.42,1155.46,249.20553522867738,178.5523601823348,4.68,1022.95,238.44198640296665,170.6530702510269,4.62,1139.17,249.08255394988086,127.53846438755619,4.64,1146.4
delay_pwtl_,239.65010135970337,180.9106947235637,4.58,1226.59,238.6449110012361,173.65913771488843,4.53,1167.73,243.8343547589617,167.51064628945016,4.64,955.35,242.36929789864027,181.38933026125335,4.66,1052.73,237.40596044499378,167.33268022898446,4.7,1276.33,243.08838401482006,113.26584795823454,4.71,888.95
act_throughput_mqr_,239.78486155747837,164.45240471727516,4.58,1083.9,235.04188627935721,166.79010734467997,4.59,1005.03,247.94212484548825,173.27798649919077,4.62,1025.84,233.95405315203956,166.88326682578287,4.56,952.85,238.05051792336218,164.95673089762042,4.69,1095.88,240.8850880136663,107.5603591351567,4.71,999.22
