,exp1,,,,exp2,,,,exp3,,,,exp4,,,,exp5,,,,aggregated,,,
prefix,mean,std,min,max,mean,std,min,max,mean,std,min,max,mean,std,min,max,mean,std,min,max,mean,std,min,max
adapt_veh_n_thp_-0.2,1.2427580129970262,1.0160338925339116,0,14,1.1907699085802401,0.9245709068677131,0,10,1.2581782134596322,1.0210015993447188,0,11,1.2659984579799537,1.0522827437221467,0,14,1.1718801630135478,0.8329212988860039,0,9,1.1448334611500774,0.6484632805520136,0.0,9.0
adapt_veh_n_thp_-0.1,1.2015640489040644,0.9621427976486644,0,14,1.201839409626611,0.959763817871113,0,16,1.2199030730256637,0.9727500232727238,0,12,1.2080074898116533,0.9443208097090617,0,13,1.2200132173146823,0.9807321251416133,0,13,1.1173326079905337,0.6058234491655279,0.0,7.0
adapt_veh_n_thp_0.0,1.2401696222050886,1.0856278771903167,0,13,1.249752175349708,0.9539826134274536,0,10,1.2294856261702831,0.9747241690868672,0,11,1.2121929727943606,0.9187820226382731,0,9,1.3370965965414694,1.1910987755141549,0,16,1.1588757341435496,0.6608687690955001,0.0,8.0
adapt_veh_n_thp_0.1,1.1936887322392333,0.9779131806797661,0,14,1.2477145060028638,1.0717442774383237,0,18,1.220508866615266,0.9060961407815891,0,10,1.2292653375922458,0.9961806337307979,0,13,1.2564709769798437,1.0516384450362726,0,15,1.141686838090629,0.6409530358860899,0.0,10.0
adapt_veh_n_thp_0.2,1.2698535080956053,0.9989728108322278,0,11,1.3417226566802511,1.201067316358578,0,18,1.2929838087895142,1.0446686587411997,0,12,1.2277783896904946,0.9913407257074762,0,14,1.2598854499394205,0.9975075111903097,0,12,1.1866606066326248,0.685160186407517,0.0,15.0
adapt_veh_n_thp_0.30000000000000004,1.20112347174799,0.9867072978232716,0,13,1.285769357858795,1.036327085619999,0,12,1.2302566361934133,0.9445815131341799,0,11,1.2704593016852077,1.109988455721893,0,18,1.175129419539597,0.861605008270758,0,10,1.1411456694881692,0.6259683002939942,0.0,7.0
adapt_veh_n_thp_0.4,1.2852737085582113,1.1148282377843861,0,16,1.1998568124242759,0.9505513781160411,0,11,1.2193523515805706,0.9737797154213776,0,10,1.2966185703271285,1.169229990521132,0,23,1.2449058266328892,1.003323874754204,0,13,1.1561679656690087,0.6655823120179507,0.0,9.0
adapt_veh_n_thp_0.5,1.2498072474942175,1.01106055714021,0,16,1.2309725740720343,0.9164977429392793,0,9,1.3415023681022138,1.1615013609262392,0,16,1.275360722546536,0.9822233464892102,0,12,1.2544883797775086,0.9821059475145353,0,14,1.1733544851772701,0.6443086744940856,0.0,10.0
