,exp1,,,,exp2,,,,exp3,,,,exp4,,,,exp5,,,,aggregated,,,
prefix,mean,std,min,max,mean,std,min,max,mean,std,min,max,mean,std,min,max,mean,std,min,max,mean,std,min,max
ql_,166.33813584531484,125.28887098959216,4.54,687.23,174.42956205585855,138.15271217609094,4.43,891.15,181.86062303751444,151.87584811294053,4.46,1060.21,166.51426541067593,134.66074443701916,4.64,879.14,180.53814906627002,145.53643868394224,4.64,872.42,174.9055178317669,104.20517384628074,4.64,872.42
veh_n_,155.88396132870602,120.98732502109395,4.5,682.76,202.02099818211866,171.46132473754986,4.44,998.92,167.33768137497935,126.51000576243571,4.55,701.49,168.5710477607007,131.304703523388,4.45,763.77,191.1174169558751,160.93153250220604,4.45,1116.51,174.38172595828382,93.3086926953395,4.634,1076.76
delay_,158.36560072715253,114.54143604011084,4.44,615.81,183.0352090563543,147.7498443418573,4.37,972.14,163.0469740538754,136.33190913155184,4.33,948.63,166.5391654272021,121.9376349296866,4.53,717.55,185.7420112378119,167.37224722790677,4.47,1053.5,169.710393182005,92.01917597153883,4.64,843.68
throughput_,184.46025285076846,148.04688865887192,4.46,852.62,167.79591472483887,140.2994324964,4.44,1055.18,169.93392827631794,139.92296117100872,4.41,1003.38,202.26613452321928,189.42351944227673,4.49,1089.89,166.03201950090894,126.98905325303737,4.47,766.81,181.09915090532547,118.12274844877776,4.71,1018.14
delay_prq_,169.54162617749134,138.50617337317163,4.34,926.25,162.0355494959511,136.69161569894507,4.54,886.71,184.09182779705833,155.6759854346691,4.38,922.1,164.93937696248554,131.8731857478908,4.52,845.48,188.95909105932904,179.91836245345837,4.64,1223.56,180.09654073478399,123.57769616875981,4.64,1192.73
delay_pwtl_,168.57633614278635,140.2922598362517,4.36,808.31,157.54605850272682,119.63854603348992,4.58,683.51,176.28128573789456,148.77536564202035,4.35,1001.93,170.44203437448357,129.01068538258926,4.35,900.97,171.92467691290696,136.15798295735522,4.64,742.96,168.00225844411065,92.46024511942869,4.64,781.27
act_throughput_mqr_,147.6787076516278,110.74625615842018,4.6,695.58,179.2275623863824,161.03032284468046,4.52,957.59,207.58571475789125,187.7541585883971,4.6,1060.14,160.2460518922492,122.08513507403853,4.61,764.46,148.42902825979178,108.20082762510665,4.59,600.21,174.09223671252997,120.18339246481327,5.0,1055.47
