,exp1,,,,exp2,,,,exp3,,,,exp4,,,,exp5,,,,aggregated,,,
prefix,mean,std,min,max,mean,std,min,max,mean,std,min,max,mean,std,min,max,mean,std,min,max,mean,std,min,max
ql_,140.7988762188068,118.31853786301913,0.0,625.0,148.18625020657743,130.6549547700096,0.0,834.0,154.92530160304082,142.27165392352862,0.0,968.0,140.64253842340108,127.22184555030148,0.0,836.0,153.72748306065114,136.2517902647215,0.0,807.0,148.47851600802784,98.27345301593108,0.0,807.0
veh_n_,131.14543050735415,114.00841495776704,0.0,628.0,173.70004957858205,160.67479737264753,0.0,912.0,141.1664187737564,118.45745996295538,0.0,636.0,142.92381424557925,123.96971096237078,0.0,713.0,163.05404065443727,150.15457453130983,0.0,1041.0,147.9040290408332,87.74285501221013,0.0,978.0
delay_,133.00958519253015,108.85911089022993,0.0,565.0,155.81474136506364,137.92563772313662,0.0,899.0,137.82217815237152,128.56170185588442,0.0,843.0,140.909436456784,116.31152694819724,0.0,681.0,158.59395141298958,156.56221604840377,0.0,965.0,143.57071437125606,87.26005439248469,0.0,750.0
throughput_,157.11188233349858,138.19209486645826,0.0,760.0,142.0013220955214,131.45460077291884,0.0,955.0,143.73805982482233,130.80503302724972,0.0,908.0,174.2974714923153,177.00288672591776,0.0,998.0,140.21880680879192,119.34820664641994,0.0,682.0,154.1029748096831,110.31598658904781,0.0,945.0
delay_prq_,142.85159477772268,128.90537289939584,0.0,841.0,137.06874896711287,129.19877657253423,0.0,813.0,156.34258800198313,144.36220105484784,0.0,839.0,139.18129234837218,123.61408898430821,0.0,765.0,161.74020823004463,167.49224213308077,0.0,1123.0,153.14330032586983,115.8560951675718,0.0,1090.0
delay_pwtl_,142.3097008758883,130.75676214396455,0.0,739.0,132.49281110560239,112.76611679521285,0.0,627.0,150.19715749462898,139.9957235421877,0.0,907.0,144.14212526855064,121.5614715578797,0.0,827.0,145.77904478598577,128.33470674703608,0.0,679.0,141.88992328533146,87.2293934352217,0.0,693.0
act_throughput_mqr_,123.52437613617583,105.47427805548425,0.0,661.0,152.579243100314,150.96802614408202,0.0,867.0,178.36241943480417,174.3470236726189,0.0,955.0,135.28788629978516,115.57402443589301,0.0,722.0,123.87737564039001,102.38086970446274,0.0,542.0,147.67985093404454,112.44473580265385,0.0,951.0
