,exp1,,,,exp2,,,,exp3,,,,exp4,,,,exp5,,,,aggregated,,,
prefix,mean,std,min,max,mean,std,min,max,mean,std,min,max,mean,std,min,max,mean,std,min,max,mean,std,min,max
ql_,4.315774252189721,22.645860464401917,-0.99,211.04,5.0516856717897864,25.759119280046455,-0.99,287.16,17.574574450504052,58.852132762605194,-0.99,433.41,7.157288051561727,35.65858915829148,-0.99,347.14,3.9310444554619073,15.753349064362258,-0.99,151.4,7.29596221536777,23.071403680315058,-0.99,287.16
veh_n_,6.570442901999669,28.493374860558397,-0.99,273.56,31.134647165757727,80.99222581682712,-0.99,496.18,1.8484134853743184,7.9006216908791425,-0.99,98.39,13.013675425549495,44.91678623958219,-0.99,286.43,40.31329532308709,95.1282551927401,-0.99,537.97,18.462927623285456,41.50018788218358,-0.98,440.37
delay_,5.421046108081309,22.50628390589136,-0.99,175.69,32.81883159808296,98.07791339191661,-0.99,574.87,12.28354817385556,50.27761655448791,-0.99,410.07,2.595232193025946,11.183272299750865,-0.99,107.77,30.20025615600727,89.51580174656912,-0.99,572.22,15.740442914623005,39.624264009384405,-0.99,536.01
throughput_,8.370475954387704,26.78095739537889,-0.99,233.28,18.78148239960337,65.90598440027333,-0.99,428.7,11.814865311518757,41.21633447230716,-0.99,297.22,45.31775739547182,110.67777199583315,-0.99,499.43,3.5116096512973063,18.880398760155433,-0.99,210.22,17.35957474606004,42.578719977234485,-0.99,426.42
delay_prq_,20.763799372004627,73.29783930468851,-0.99,482.36,4.841307221946786,26.700684201342366,-0.99,323.46,13.969054701702198,44.451382371188075,-0.99,271.23,6.399396793918361,27.80372978814084,-0.99,262.48,67.49657081474136,180.88149006505915,-0.99,978.51,33.31255359207018,114.9763803692665,-0.97,978.51
delay_pwtl_,6.411626177491324,33.83300748974869,-0.99,305.54,6.160428028425055,30.917432716571142,-0.99,316.92,24.71636919517435,75.5097198834772,-0.99,506.2,5.163568005288382,22.956050647560215,-0.99,201.59,4.9011320442901996,19.517848939641393,-0.99,154.12,9.35441381448106,26.293002562460845,-0.99,318.81333333333333
act_throughput_mqr_,2.71025450338787,14.210768563835199,-0.99,192.3,8.870723847297967,36.845418895592175,-0.99,290.62,16.68513468848124,51.83073024356332,-0.99,325.42,2.081598082961494,10.805262288887723,-0.99,137.51,0.7223186250206577,1.977834125931946,-0.99,35.34,6.565241302295567,20.45130000155627,-0.99,251.13
